<?xml version="1.0" encoding="UTF-8"?>
<project-private xmlns="http://www.netbeans.org/ns/project-private/1">
    <editor-bookmarks xmlns="http://www.netbeans.org/ns/editor-bookmarks/2" lastBookmarkId="0"/>
    <open-files xmlns="http://www.netbeans.org/ns/projectui-open-files/2">
        <group>
            <file>file:/D:/Users/wilme/Documents/NetBeansProjects/EjerciciosPC03/src/ejerciciospc12/Principal.java</file>
            <file>file:/D:/Users/wilme/Documents/NetBeansProjects/EjerciciosPC03/src/ejerciciospc12/Pila.java</file>
            <file>file:/D:/Users/wilme/Documents/NetBeansProjects/EjerciciosPC03/src/ejerciciospc34/Principal.java</file>
            <file>file:/D:/Users/wilme/Documents/NetBeansProjects/EjerciciosPC03/src/ejerciciospc34/Cola.java</file>
        </group>
    </open-files>
</project-private>
